CREATE DATABASE TAQUILLASBD;
USE TAQUILLASBD;

CREATE TABLE DEPARTAMENTO(
idDepartamento INT NOT NULL,
nombre VARCHAR(45) NOT NULL,
estatus TINYINT
);
ALTER TABLE DEPARTAMENTO ADD PRIMARY KEY (idDepartamento);

CREATE TABLE MUNICIPIO(
idMunicipio INT NOT NULL,
nombre VARCHAR(100) NOT NULL,
idDepartamento INT NOT NULL,
estatus TINYINT
);
ALTER TABLE MUNICIPIO ADD PRIMARY KEY (idMunicipio);
ALTER TABLE MUNICIPIO ADD CONSTRAINT fk_iddepa FOREIGN KEY (idDepartamento) REFERENCES DEPARTAMENTO (idDepartamento);


CREATE TABLE CINE(
idCine INT NOT NULL,
nombre VARCHAR(100),
idMunicipio INT,
direccion VARCHAR(355),
tiempoCompra INT,
estatus TINYINT
);
ALTER TABLE CINE ADD PRIMARY KEY (idCine);
ALTER TABLE CINE ADD CONSTRAINT fk_idcinmunic FOREIGN KEY (idMunicipio) REFERENCES MUNICIPIO (idMunicipio);

CREATE TABLE TAMANOSALA(
idTipoSala INT NOT NULL,
nombre VARCHAR(80),
noAsientos INT
);
ALTER TABLE TAMANOSALA ADD PRIMARY KEY(idTipoSala);


CREATE TABLE SALA(
idSala INT NOT NULL,
numero INT NOT NULL,
idTipoSala INT NOT NULL,
idCine INT NOT NULL,
estatus TINYINT
);
ALTER TABLE SALA ADD PRIMARY KEY (idSala,idCine);
ALTER TABLE SALA ADD CONSTRAINT fk_salacine FOREIGN KEY (idCine) REFERENCES CINE (idCine);
ALTER TABLE SALA ADD CONSTRAINT fk_salatiposala FOREIGN KEY (idTipoSala) REFERENCES TAMANOSALA (idTipoSala);


CREATE TABLE FORMATO (
idFormato INT,
nombre VARCHAR(45)
);
ALTER TABLE FORMATO ADD PRIMARY KEY(idFormato);

CREATE TABLE FORMATOSALA(
idSala INT NOT NULL,
idFormato INT NOT NULL
);
ALTER TABLE FORMATOSALA ADD PRIMARY KEY(idSala,idFormato);
ALTER TABLE FORMATOSALA ADD CONSTRAINT fk_fmsidsala FOREIGN KEY (idSala) REFERENCES SALA (idSala);
ALTER TABLE FORMATOSALA ADD CONSTRAINT fk_fmsidformato FOREIGN KEY (idFormato) REFERENCES FORMATO (idFormato);

CREATE TABLE IDIOMA(
idIdioma INT NOT NULL,
nombre VARCHAR(45)
);
ALTER TABLE IDIOMA ADD PRIMARY KEY(idIdioma);

CREATE TABLE CLASIFICACIONPELICULA(
idClasificacionPelicula INT NOT NULL,
nombre VARCHAR(85),
descripcion VARCHAR(355)
);
ALTER TABLE CLASIFICACIONPELICULA ADD PRIMARY KEY(idClasificacionPelicula);

CREATE TABLE PELICULA(
idPelicula INT NOT NULL,
nombre VARCHAR(150),
descripcion VARCHAR(800),
idClasificacion INT,
fechaestreno DATETIME,
estatus TINYINT,
linkTrailer VARCHAR(115),
imagen VARCHAR(500),
duracion VARCHAR(15)
);
ALTER TABLE PELICULA ADD PRIMARY KEY (idPelicula);
ALTER TABLE PELICULA ADD CONSTRAINT fk_peliclas FOREIGN KEY (idClasificacion) REFERENCES CLASIFICACIONPELICULA (idClasificacionPelicula);

CREATE TABLE PROYECCIONPELICULA(
idProyeccionPelicula INT NOT NULL,
idPelicula INT,
idSala INT,
idIdioma INT,
idFormato INT,
fechaHoraProyeccion DATETIME,
estatus TINYINT
);
ALTER TABLE PROYECCIONPELICULA ADD PRIMARY KEY(idProyeccionPelicula);
ALTER TABLE PROYECCIONPELICULA ADD CONSTRAINT fk_ppidioma FOREIGN KEY (idIdioma) REFERENCES IDIOMA (idIdioma);
ALTER TABLE PROYECCIONPELICULA ADD CONSTRAINT fk_pppelicua FOREIGN KEY (idPelicula) REFERENCES PELICULA (idPelicula);
ALTER TABLE PROYECCIONPELICULA ADD CONSTRAINT fk_ppformato FOREIGN KEY (idSala) REFERENCES SALA (idSala);
ALTER TABLE PROYECCIONPELICULA ADD CONSTRAINT fk_ppsala FOREIGN KEY (idFormato) REFERENCES FORMATO (idFormato);

CREATE TABLE CLIENTE(
nitCliente VARCHAR(85) NOT NULL,
nombreClienteTarjeta VARCHAR(200),
apellidoClienteTarjeta VARCHAR(200)
);
ALTER TABLE CLIENTE ADD PRIMARY KEY(nitCliente);

CREATE TABLE TARJETA(
noTarjeta INT NOT NULL,
nitCliente VARCHAR(85),
estatus TINYINT
);
ALTER TABLE TARJETA ADD PRIMARY KEY(noTarjeta);
ALTER TABLE TARJETA ADD CONSTRAINT fk_tarjetaCliente FOREIGN KEY (nitCliente) REFERENCES CLIENTE (nitCliente);

CREATE TABLE CORREOCLIENTE(
nitCliente VARCHAR(85) NOT NULL,
correo VARCHAR(115) NOT NULL,
estatus TINYINT
);
ALTER TABLE CORREOCLIENTE ADD PRIMARY KEY(nitCliente,correo);
ALTER TABLE CORREOCLIENTE ADD CONSTRAINT fk_mailclientnit FOREIGN KEY (nitCliente) REFERENCES CLIENTE (nitCliente);

CREATE TABLE RESERVACIONENCABEZADO(
idReservacionEncabezado INT NOT NULL,
fecha DATETIME,
nitCliente VARCHAR(85), 
total DOUBLE,
descuento DOUBLE,
idProyeccionPelicula INT,
estatus TINYINT
);
ALTER TABLE RESERVACIONENCABEZADO ADD PRIMARY KEY(idReservacionEncabezado);
ALTER TABLE RESERVACIONENCABEZADO ADD CONSTRAINT fk_reproyeccion FOREIGN KEY (idProyeccionPelicula) REFERENCES PROYECCIONPELICULA (idProyeccionPelicula);
ALTER TABLE RESERVACIONENCABEZADO ADD CONSTRAINT fk_rrcliente FOREIGN KEY (nitCliente) REFERENCES CLIENTE (nitCliente);

CREATE TABLE ASIENTORESERVADO(
fila INT NOT NULL,
numero INT NOT NULL,
idReservacionEncabezado INT NOT NULL
);
ALTER TABLE ASIENTORESERVADO ADD PRIMARY KEY(fila,numero,idReservacionEncabezado);
ALTER TABLE ASIENTORESERVADO ADD CONSTRAINT fk_asientoresencab FOREIGN KEY (idReservacionEncabezado) REFERENCES RESERVACIONENCABEZADO (idReservacionEncabezado);

CREATE TABLE FACTURAENCABEZADO(
idFacturaEncabezado INT NOT NULL,
serie VARCHAR(45),
fecha DATETIME,
nitCliente VARCHAR(85),
total DOUBLE,
descuento DOUBLE,
idProyeccionPelicula INT,
puntos DOUBLE,
estatus TINYINT
);
ALTER TABLE FACTURAENCABEZADO ADD PRIMARY KEY(idFacturaEncabezado);
ALTER TABLE FACTURAENCABEZADO ADD CONSTRAINT fk_facproyeccion FOREIGN KEY (idProyeccionPelicula) REFERENCES PROYECCIONPELICULA (idProyeccionPelicula);
ALTER TABLE FACTURAENCABEZADO ADD CONSTRAINT fk_faccliente FOREIGN KEY (nitCliente) REFERENCES CLIENTE (nitCliente);


CREATE TABLE ASIENTOVENDIDO(
fila INT NOT NULL,
numero INT NOT NULL,
idFacturaEncabezado INT NOT NULL
);
ALTER TABLE ASIENTOVENDIDO ADD PRIMARY KEY(fila,numero,idFacturaEncabezado);
ALTER TABLE ASIENTOVENDIDO ADD CONSTRAINT fk_asientovenencab FOREIGN KEY (idFacturaEncabezado) REFERENCES FACTURAENCABEZADO (idFacturaEncabezado);


CREATE TABLE TIPOBOLETO(
idTipoBoleto INT NOT NULL,
nombre VARCHAR(60)
);
ALTER TABLE TIPOBOLETO ADD PRIMARY KEY(idTipoBoleto);


CREATE TABLE BOLETO(
idBoleto INT NOT NULL,
idTipoBoleto INT,
precio DOUBLE,
idFormato INT
);
ALTER TABLE BOLETO ADD PRIMARY KEY(idBoleto,idFormato);
ALTER TABLE BOLETO ADD CONSTRAINT fk_boletoformato FOREIGN KEY (idFormato) REFERENCES FORMATO (idFormato);
ALTER TABLE BOLETO ADD CONSTRAINT fk_boletotipoboleto FOREIGN KEY (idTipoBoleto) REFERENCES TIPOBOLETO (idTipoBoleto);

CREATE TABLE PROMOCION(
idPromocion INT NOT NULL,
NombrePromocion VARCHAR(110),
CantidadDescuento DOUBLE,
fechaInicio DATETIME,
fechaFinal DATETIME,
idBoleto INT,
estatus TINYINT
);
ALTER TABLE PROMOCION ADD PRIMARY KEY(idPromocion);
ALTER TABLE PROMOCION ADD CONSTRAINT fk_promoboleto FOREIGN KEY (idBoleto) REFERENCES BOLETO (idBoleto);


CREATE TABLE RESERVACIONDETALLE(
idBoleto INT,
idReservacionEncabezado INT,
cantidad INT
);
ALTER TABLE RESERVACIONDETALLE ADD PRIMARY KEY(idReservacionEncabezado,idBoleto);
ALTER TABLE RESERVACIONDETALLE ADD CONSTRAINT fk_resdetboleto FOREIGN KEY (idBoleto) REFERENCES BOLETO (idBoleto);
ALTER TABLE RESERVACIONDETALLE ADD CONSTRAINT fk_resdetresenca FOREIGN KEY (idReservacionEncabezado) REFERENCES RESERVACIONENCABEZADO (idReservacionEncabezado);

CREATE TABLE FACTURADETALLE(
idFacturaEncabezado INT NOT NULL,
idBoleto INT NOT NULL,
cantidad INT
);
ALTER TABLE FACTURADETALLE ADD PRIMARY KEY(idFacturaEncabezado,idBoleto);
ALTER TABLE FACTURADETALLE ADD CONSTRAINT fk_facdetboleto FOREIGN KEY (idBoleto) REFERENCES BOLETO (idBoleto);
ALTER TABLE FACTURADETALLE ADD CONSTRAINT fk_facdetresenca FOREIGN KEY (idFacturaEncabezado) REFERENCES FACTURAENCABEZADO (idFacturaEncabezado);


CREATE TABLE ROL(
idRol INT NOT NULL,
nombre VARCHAR(85),
estatus TINYINT
);
ALTER TABLE ROL ADD PRIMARY KEY(idRol);

CREATE TABLE PUESTO(
idPuesto INT NOT NULL,
sueldo DOUBLE,
nombre VARCHAR(110),
estatus TINYINT
);
ALTER TABLE PUESTO ADD PRIMARY KEY(idPuesto);

CREATE TABLE EMPLEADO(
idEmpleado INT NOT NULL,
nombre VARCHAR(200),
apellido VARCHAR(200),
idPuesto INT,
fechaContratacion DATETIME,
fechaNacimiento DATETIME,
estatus TINYINT
);
ALTER TABLE EMPLEADO ADD PRIMARY KEY(idEmpleado);
ALTER TABLE EMPLEADO ADD CONSTRAINT fk_emppuesto FOREIGN KEY (idPuesto) REFERENCES PUESTO (idPuesto);

CREATE TABLE CORREO(
idCorreo INT NOT NULL,
correo VARCHAR(100),
idEmpleado INT,
estatus TINYINT
);
ALTER TABLE CORREO ADD PRIMARY KEY(idCorreo);
ALTER TABLE CORREO ADD CONSTRAINT fk_correoemp FOREIGN KEY (idEmpleado) REFERENCES EMPLEADO (idEmpleado);

CREATE TABLE TELEFONO(
idTelefono INT NOT NULL,
telefono VARCHAR(45),
idEmpleado INT,
estatus TINYINT
);
ALTER TABLE TELEFONO ADD PRIMARY KEY(idTelefono);
ALTER TABLE TELEFONO ADD CONSTRAINT fk_telefonoemp FOREIGN KEY (idEmpleado) REFERENCES EMPLEADO (idEmpleado);

CREATE TABLE USUARIO(
idUsuario INT NOT NULL,
idEmpleado INT,
idRol INT,
contrasenia VARCHAR(50),
nombreUsuario VARCHAR(80),
estatus TINYINT
);
ALTER TABLE USUARIO ADD PRIMARY KEY(idUsuario);
ALTER TABLE USUARIO ADD CONSTRAINT fk_userempleado FOREIGN KEY (idEmpleado) REFERENCES EMPLEADO (idEmpleado);
ALTER TABLE USUARIO ADD CONSTRAINT fk_userrol FOREIGN KEY (idRol) REFERENCES ROL (idRol);


CREATE TABLE BITACORA(
idBitacora INT NOT NULL,
fecha DATETIME,
idUsuario INT,
ipAddress VARCHAR(45),
proceso VARCHAR(115),
tabla VARCHAR(115)
);
ALTER TABLE BITACORA ADD PRIMARY KEY(idBitacora);
ALTER TABLE BITACORA ADD CONSTRAINT fk_bitacorauser FOREIGN KEY (idUsuario) REFERENCES USUARIO (idUsuario);




INSERT INTO DEPARTAMENTO VALUES(7, 'Guatemala',1);
INSERT INTO DEPARTAMENTO VALUES(8, 'Huehuetenango',1);


INSERT INTO MUNICIPIO VALUES(1,'Amatitlán',7,1);
INSERT INTO MUNICIPIO VALUES(5,'Guatemala City',7,1);
INSERT INTO MUNICIPIO VALUES(17,'Villa Nueva',7,1);
INSERT INTO MUNICIPIO VALUES(18,'Jacaltenango',8,1);
INSERT INTO MUNICIPIO VALUES(19,'La Libertad',8,1);

INSERT INTO CINE VALUES(1,'Cinepolis Parque Américas',5,'Cdad. de Guatemala, Guatemala',120,1);
INSERT INTO CINE VALUES(2,'Cines Capitol',5,'6A Avenida, Cdad. de Guatemala, Guatemala',120,1);
INSERT INTO CINE VALUES(3,'Cine Gran via',1,'Calzada Roosevelt',120,1);
INSERT INTO CINE VALUES(4,'Cinépolis Cayala',5,'Ciudad Cayalá, Blvrd Austriaco',320,1);
INSERT INTO CINE VALUES(5,'Cinépolis Naranjo Mall',5,' Cdad. de Guatemala, Guatemala',120,1);
INSERT INTO CINE VALUES(6,'Cinépolis Portales',5,' 5A Calle, Cdad. de Guatemala, Guatemala',820,1);
INSERT INTO CINE VALUES(7,'Cinépolis Oakland Mall',5,'13 Calle, Cdad. de Guatemala, Guatemala',420,1);
INSERT INTO CINE VALUES(8,'Cinépolis Miraflores',5,'Centro Comercial Galerías Miraflores, 21A Avenida 4-32',110,1);
INSERT INTO CINE VALUES(9,'Cinépolis Santa Clara',17,'Centro Comercial Santa Clara, KM 16 carreteral al Pacífico',320,1);
INSERT INTO CINE VALUES(10,'Cinépolis Popocatepl',18,'Centro Comercial popcatepl, KM 250 ',320,1);
INSERT INTO CINE VALUES(11,'Cinépolis Krepas',19,'Centro Comercial krepas, KM  250',320,1);

INSERT INTO TAMANOSALA VALUES (1,'Pequeña',50);
INSERT INTO TAMANOSALA VALUES (2,'Mediana',70);
INSERT INTO TAMANOSALA VALUES (3,'Grande',100);

INSERT INTO SALA VALUES (1,1,1,1,1);
INSERT INTO SALA VALUES (2,2,1,1,1);
INSERT INTO SALA VALUES (3,3,2,1,1);
INSERT INTO SALA VALUES (4,4,2,1,1);
INSERT INTO SALA VALUES (5,5,3,1,1);

INSERT INTO SALA VALUES (6,1,1,2,1);
INSERT INTO SALA VALUES (7,2,1,2,1);
INSERT INTO SALA VALUES (8,3,2,2,1);
INSERT INTO SALA VALUES (9,4,2,2,1);
INSERT INTO SALA VALUES (10,5,3,2,1);

INSERT INTO SALA VALUES (11,1,1,3,1);
INSERT INTO SALA VALUES (12,2,1,3,1);
INSERT INTO SALA VALUES (13,3,2,3,1);
INSERT INTO SALA VALUES (14,4,2,3,1);
INSERT INTO SALA VALUES (15,5,3,3,1);

INSERT INTO SALA VALUES (16,1,1,4,1);
INSERT INTO SALA VALUES (17,2,1,4,1);
INSERT INTO SALA VALUES (18,3,2,4,1);
INSERT INTO SALA VALUES (19,4,2,4,1);
INSERT INTO SALA VALUES (20,5,3,4,1);

INSERT INTO SALA VALUES (21,1,1,5,1);
INSERT INTO SALA VALUES (22,2,1,5,1);
INSERT INTO SALA VALUES (23,3,2,5,1);
INSERT INTO SALA VALUES (24,4,2,5,1);
INSERT INTO SALA VALUES (25,5,3,5,1);

INSERT INTO SALA VALUES (26,1,1,6,1);
INSERT INTO SALA VALUES (27,2,1,6,1);
INSERT INTO SALA VALUES (28,3,2,6,1);
INSERT INTO SALA VALUES (29,4,2,6,1);
INSERT INTO SALA VALUES (30,5,3,6,1);

INSERT INTO SALA VALUES (31,1,1,7,1);
INSERT INTO SALA VALUES (32,2,1,7,1);
INSERT INTO SALA VALUES (33,3,2,7,1);
INSERT INTO SALA VALUES (34,4,2,7,1);
INSERT INTO SALA VALUES (35,5,3,7,1);

INSERT INTO SALA VALUES (36,1,1,8,1);
INSERT INTO SALA VALUES (37,2,1,8,1);
INSERT INTO SALA VALUES (38,3,2,8,1);
INSERT INTO SALA VALUES (39,4,2,8,1);
INSERT INTO SALA VALUES (40,5,3,8,1);

INSERT INTO SALA VALUES (41,1,1,9,1);
INSERT INTO SALA VALUES (42,2,1,9,1);
INSERT INTO SALA VALUES (43,3,2,9,1);
INSERT INTO SALA VALUES (44,4,2,9,1);
INSERT INTO SALA VALUES (45,5,3,9,1);

INSERT INTO SALA VALUES (46,1,1,10,1);
INSERT INTO SALA VALUES (47,2,1,10,1);
INSERT INTO SALA VALUES (48,3,2,10,1);
INSERT INTO SALA VALUES (49,4,2,10,1);
INSERT INTO SALA VALUES (50,5,3,10,1);

INSERT INTO SALA VALUES (51,1,1,11,1);
INSERT INTO SALA VALUES (52,2,1,11,1);
INSERT INTO SALA VALUES (53,3,2,11,1);
INSERT INTO SALA VALUES (54,4,2,11,1);
INSERT INTO SALA VALUES (55,5,3,11,1);

INSERT INTO FORMATO VALUES(1,'IMAX');
INSERT INTO FORMATO VALUES(2,'3D');
INSERT INTO FORMATO VALUES(3,'4DX');
INSERT INTO FORMATO VALUES(4,'IMAX 3D');
INSERT INTO FORMATO VALUES(5,'2D');

INSERT INTO FORMATOSALA VALUES (1,1);
INSERT INTO FORMATOSALA VALUES (2,2);
INSERT INTO FORMATOSALA VALUES (3,3);
INSERT INTO FORMATOSALA VALUES (4,4);
INSERT INTO FORMATOSALA VALUES (5,5);
INSERT INTO FORMATOSALA VALUES (6,1);
INSERT INTO FORMATOSALA VALUES (7,2);
INSERT INTO FORMATOSALA VALUES (8,3);
INSERT INTO FORMATOSALA VALUES (9,4);
INSERT INTO FORMATOSALA VALUES (10,5);
INSERT INTO FORMATOSALA VALUES (11,1);
INSERT INTO FORMATOSALA VALUES (12,2);
INSERT INTO FORMATOSALA VALUES (13,3);
INSERT INTO FORMATOSALA VALUES (14,4);
INSERT INTO FORMATOSALA VALUES (15,5);
INSERT INTO FORMATOSALA VALUES (16,1);
INSERT INTO FORMATOSALA VALUES (17,2);
INSERT INTO FORMATOSALA VALUES (18,3);
INSERT INTO FORMATOSALA VALUES (19,4);
INSERT INTO FORMATOSALA VALUES (20,5);
INSERT INTO FORMATOSALA VALUES (21,1);
INSERT INTO FORMATOSALA VALUES (22,2);
INSERT INTO FORMATOSALA VALUES (23,3);
INSERT INTO FORMATOSALA VALUES (24,4);
INSERT INTO FORMATOSALA VALUES (25,5);
INSERT INTO FORMATOSALA VALUES (26,1);
INSERT INTO FORMATOSALA VALUES (27,2);
INSERT INTO FORMATOSALA VALUES (28,3);
INSERT INTO FORMATOSALA VALUES (29,4);
INSERT INTO FORMATOSALA VALUES (30,5);
INSERT INTO FORMATOSALA VALUES (31,1);
INSERT INTO FORMATOSALA VALUES (32,2);
INSERT INTO FORMATOSALA VALUES (33,3);
INSERT INTO FORMATOSALA VALUES (34,4);
INSERT INTO FORMATOSALA VALUES (35,5);
INSERT INTO FORMATOSALA VALUES (36,1);
INSERT INTO FORMATOSALA VALUES (37,2);
INSERT INTO FORMATOSALA VALUES (38,3);
INSERT INTO FORMATOSALA VALUES (39,4);
INSERT INTO FORMATOSALA VALUES (40,5);
INSERT INTO FORMATOSALA VALUES (41,1);
INSERT INTO FORMATOSALA VALUES (42,2);
INSERT INTO FORMATOSALA VALUES (43,3);
INSERT INTO FORMATOSALA VALUES (44,4);
INSERT INTO FORMATOSALA VALUES (45,5);
INSERT INTO FORMATOSALA VALUES (46,1);
INSERT INTO FORMATOSALA VALUES (47,2);
INSERT INTO FORMATOSALA VALUES (48,3);
INSERT INTO FORMATOSALA VALUES (49,4);
INSERT INTO FORMATOSALA VALUES (50,5);
INSERT INTO FORMATOSALA VALUES (51,1);
INSERT INTO FORMATOSALA VALUES (52,2);
INSERT INTO FORMATOSALA VALUES (53,3);
INSERT INTO FORMATOSALA VALUES (54,4);
INSERT INTO FORMATOSALA VALUES (55,5);



INSERT INTO IDIOMA VALUES(1,'Español Latino');
INSERT INTO IDIOMA VALUES(2,'Español España');
INSERT INTO IDIOMA VALUES(3,'Inglés Americano');
INSERT INTO IDIOMA VALUES(4,'Inglés Británico');
INSERT INTO IDIOMA VALUES(5,'Japonés');
INSERT INTO IDIOMA VALUES(6,'Alemán');
INSERT INTO IDIOMA VALUES(7,'Ruso');

INSERT INTO CLASIFICACIONPELICULA VALUES (1,'A','Apta para todo público');
INSERT INTO CLASIFICACIONPELICULA VALUES (2,'PG','Sugiere la compañia de un adulto para los menos de 10 años');
INSERT INTO CLASIFICACIONPELICULA VALUES (3,'PG-13','Sugiere la compañia de un adulto para los menos de 13 años');
INSERT INTO CLASIFICACIONPELICULA VALUES (4,'R','NO apta para menores de 17 años si no es con la compañia de un adulto');
INSERT INTO CLASIFICACIONPELICULA VALUES (5,'NC-17','Contenido sólo apto para mayores de 18 años');

INSERT INTO PELICULA VALUES (1,'Kimi no nawa','El joven Taki vive en Tokio: la joven Mitsuha, en un pequeño pueblo en las montañas. Durante el sueño, los cuerpos de ambos se intercambian. Recluidos en un cuerpo que les resulta extraño, comienzan a comunicarse.',2,'2020-08-14 14:30:00',true,'https://www.youtube.com/watch?v=6Y3YzFy20Q4','https://raw.githubusercontent.com/Carkam/ImagenesTaquilla/master/your.jpg','1:05:00');
INSERT INTO PELICULA VALUES (2,'A silent voice','Shôko Nishimiya, una estudiante de primaria sorda, empieza a sentir el bullying de sus nuevos compañeros cuando se cambia de colegio. El peor de todos es Ishida Shôya, quien termina por forzar que Nishimiya se cambie de escuela. Años después, Ishida buscará la redención de sus malas acciones.',2,'2020-01-14 14:30:00',true,'https://www.youtube.com/watch?v=nfK6UgLra7g','https://raw.githubusercontent.com/Carkam/ImagenesTaquilla/master/Muda.jpg','1:05:00');
INSERT INTO PELICULA VALUES (3,'James Bond','se centra en un agente ficticio del Servicio Secreto Británico creado en 1953 por el escritor Ian Fleming,',4,'2020-02-14 14:30:00',true,'https://www.youtube.com/watch?v=6kw1UVovByw','https://raw.githubusercontent.com/Carkam/ImagenesTaquilla/master/james.jpg','1:05:00');
INSERT INTO PELICULA VALUES (4,'John Wick','un sicario retirado que busca venganza por la muerte del perro que le dio su esposa recientemente fallecida',4,'2020-03-14 14:30:00',true,'https://www.youtube.com/watch?v=C0BMx-qxsP4','https://raw.githubusercontent.com/Carkam/ImagenesTaquilla/master/wick.jpg','1:05:00');
INSERT INTO PELICULA VALUES (5,'Polar','El principal asesino del mundo, Duncan Vizla, se está retirando cuando su exempleador le asigna una misión. Contra su voluntad, se encuentra de vuelta enfrentándose a un ejército de asesinos más jóvenes.',4,'2020-04-14 14:30:00',true,'https://www.youtube.com/watch?v=oMHwRal-AR8','https://raw.githubusercontent.com/Carkam/ImagenesTaquilla/master/polar.jpg','1:05:00');
INSERT INTO PELICULA VALUES (6,'Toy Story','Woody, el juguete favorito de Andy, se siente amenazado por la inesperada llegada de Buzz Lightyear, el guardían del espacio.',1,'2020-08-24 14:30:00',true,'https://www.youtube.com/watch?v=rNk1Wi8SvNc','https://raw.githubusercontent.com/Carkam/ImagenesTaquilla/master/toy.jpg','1:05:00');
INSERT INTO PELICULA VALUES (7,'Buenos Vecinos','Mac y Kelly acaban de tener una bebé adorable y se han comprado una preciosa casa en las afueras de la ciudad. Los problemas comienzan cuando descubren que sus nuevos vecinos son los miembros de una fraternidad cuyo presidente es Teddy Sanders.',1,'2020-08-01 14:30:00',true,'https://www.youtube.com/watch?v=xISECZHvFps','https://raw.githubusercontent.com/Carkam/ImagenesTaquilla/master/vecinos.jpg','1:05:00');
INSERT INTO PELICULA VALUES (8,'SuperCool','Seth y Evan, dos estudiantes inadaptados de preparatoria, tienen grandes esperanzas en su fiesta de graduación: los jóvenes se sienten retados por la sociedad y planean divertirse a lo grande y conseguir chicas hermosas para finalmente poder integrarse con sus compañeros. Sin embargo, la ansiedad por la separación y dos aburridos policías complican la misión de la pareja.',1,'2020-08-10 14:30:00',true,'https://www.youtube.com/watch?v=4eaZ_48ZYog','https://raw.githubusercontent.com/Carkam/ImagenesTaquilla/master/cool.jpg','1:05:00');
INSERT INTO PELICULA VALUES (9,'Superman','Mientras un viejo enemigo planea destruirlo de una vez por todas, el Hombre de Acero regresa después de una larga ausencia a un mundo completamente diferente.',2,'2020-08-17 14:30:00',true,'https://www.youtube.com/watch?v=T6DJcgm3wNY','https://raw.githubusercontent.com/Carkam/ImagenesTaquilla/master/superman.jpg','1:05:00');
INSERT INTO PELICULA VALUES (10,'El caballero de la noche','Batman tiene que mantener el equilibrio entre el heroísmo y el vigilantismo para pelear contra un vil criminal conocido como el Guasón, que pretende sumir Ciudad Gótica en la anarquía.',3,'2020-08-30 14:30:00',true,'https://www.youtube.com/watch?v=EXeTwQWrcwY','https://raw.githubusercontent.com/Carkam/ImagenesTaquilla/master/caballero.jpg','1:05:00');

INSERT INTO PROYECCIONPELICULA VALUES(1,1,36,1,1,'2020-08-20 10:30:00',true);
INSERT INTO PROYECCIONPELICULA VALUES(2,1,37,2,2,'2020-08-20 14:30:00',true);
INSERT INTO PROYECCIONPELICULA VALUES(3,1,36,3,1,'2020-08-20 20:00:00',true);
INSERT INTO PROYECCIONPELICULA VALUES(4,1,38,4,3,'2020-08-20 14:30:00',true);
INSERT INTO PROYECCIONPELICULA VALUES(5,1,40,5,5,'2020-08-20 14:30:00',true);

INSERT INTO PROYECCIONPELICULA VALUES(6,2,1,1,1,'2020-08-21 14:30:00',true);
INSERT INTO PROYECCIONPELICULA VALUES(7,2,1,2,2,'2020-08-21 21:50:00',true);
INSERT INTO PROYECCIONPELICULA VALUES(8,2,3,2,3,'2020-08-21 10:00:00',true);
INSERT INTO PROYECCIONPELICULA VALUES(9,2,3,4,4,'2020-08-21 14:15:00',true);
INSERT INTO PROYECCIONPELICULA VALUES(10,2,3,4,5,'2020-08-21 20:30:00',true);

INSERT INTO PROYECCIONPELICULA VALUES(11,3,6,1,1,'2020-08-21 20:30:00',true);
INSERT INTO PROYECCIONPELICULA VALUES(12,3,7,2,2,'2020-08-21 20:30:00',true);
INSERT INTO PROYECCIONPELICULA VALUES(13,3,8,3,3,'2020-08-21 20:30:00',true);
INSERT INTO PROYECCIONPELICULA VALUES(14,3,9,4,4,'2020-08-21 20:30:00',true);
INSERT INTO PROYECCIONPELICULA VALUES(15,3,10,5,5,'2020-08-21 20:30:00',true);

INSERT INTO PROYECCIONPELICULA VALUES(16,4,12,1,2,'2020-08-25 08:30:00',true);
INSERT INTO PROYECCIONPELICULA VALUES(17,4,12,2,2,'2020-08-25 12:15:00',true);
INSERT INTO PROYECCIONPELICULA VALUES(18,4,12,3,2,'2020-08-25 16:45:00',true);
INSERT INTO PROYECCIONPELICULA VALUES(19,4,12,4,2,'2020-08-25 20:35:00',true);
INSERT INTO PROYECCIONPELICULA VALUES(20,4,13,5,3,'2020-08-25 12:30:00',true);

INSERT INTO PROYECCIONPELICULA VALUES(21,5,16,1,1,'2020-08-25 08:30:00',true);
INSERT INTO PROYECCIONPELICULA VALUES(22,5,17,2,2,'2020-08-25 12:15:00',true);
INSERT INTO PROYECCIONPELICULA VALUES(23,5,18,3,3,'2020-08-25 16:45:00',true);
INSERT INTO PROYECCIONPELICULA VALUES(24,5,19,4,4,'2020-08-25 20:35:00',true);
INSERT INTO PROYECCIONPELICULA VALUES(25,5,20,5,5,'2020-08-25 12:30:00',true);

INSERT INTO PROYECCIONPELICULA VALUES(26,6,25,1,5,'2020-08-22 08:30:00',true);
INSERT INTO PROYECCIONPELICULA VALUES(27,6,25,2,5,'2020-08-22 00:15:00',true);
INSERT INTO PROYECCIONPELICULA VALUES(28,6,21,3,1,'2020-08-22 12:45:00',true);
INSERT INTO PROYECCIONPELICULA VALUES(29,6,21,4,1,'2020-08-22 20:35:00',true);
INSERT INTO PROYECCIONPELICULA VALUES(30,6,23,5,3,'2020-08-22 12:30:00',true);

INSERT INTO PROYECCIONPELICULA VALUES(31,7,26,1,1,'2020-08-25 12:30:00',true);
INSERT INTO PROYECCIONPELICULA VALUES(32,7,27,2,2,'2020-08-25 12:15:00',true);
INSERT INTO PROYECCIONPELICULA VALUES(33,7,28,3,3,'2020-08-25 12:45:00',true);
INSERT INTO PROYECCIONPELICULA VALUES(34,7,29,4,4,'2020-08-25 12:35:00',true);
INSERT INTO PROYECCIONPELICULA VALUES(35,7,30,5,5,'2020-08-25 12:30:00',true);

INSERT INTO PROYECCIONPELICULA VALUES(36,8,31,1,1,'2020-08-23 08:30:00',true);
INSERT INTO PROYECCIONPELICULA VALUES(37,8,31,2,1,'2020-08-23 12:15:00',true);
INSERT INTO PROYECCIONPELICULA VALUES(38,8,31,3,1,'2020-08-23 16:45:00',true);
INSERT INTO PROYECCIONPELICULA VALUES(39,8,31,4,1,'2020-08-23 20:35:00',true);
INSERT INTO PROYECCIONPELICULA VALUES(40,8,31,5,1,'2020-08-23 00:30:00',true);

INSERT INTO PROYECCIONPELICULA VALUES(41,9,36,1,1,'2020-08-23 08:30:00',true);
INSERT INTO PROYECCIONPELICULA VALUES(42,9,37,2,2,'2020-08-23 12:15:00',true);
INSERT INTO PROYECCIONPELICULA VALUES(43,9,38,3,3,'2020-08-23 16:45:00',true);
INSERT INTO PROYECCIONPELICULA VALUES(44,9,39,4,4,'2020-08-23 20:35:00',true);
INSERT INTO PROYECCIONPELICULA VALUES(45,9,40,5,5,'2020-08-23 12:30:00',true);

INSERT INTO PROYECCIONPELICULA VALUES(46,10,41,1,1,'2020-08-30 08:30:00',true);
INSERT INTO PROYECCIONPELICULA VALUES(47,10,42,2,2,'2020-08-30 12:15:00',true);
INSERT INTO PROYECCIONPELICULA VALUES(48,10,42,3,2,'2020-08-30 16:45:00',true);
INSERT INTO PROYECCIONPELICULA VALUES(49,10,43,4,3,'2020-08-30 20:35:00',true);
INSERT INTO PROYECCIONPELICULA VALUES(50,10,45,5,5,'2020-08-30 12:30:00',true);

INSERT INTO PROYECCIONPELICULA VALUES(51,1,36,1,1,'2020-08-20 14:35:00',true);
INSERT INTO PROYECCIONPELICULA VALUES(52,1,36,1,1,'2020-08-20 18:30:00',true);
INSERT INTO PROYECCIONPELICULA VALUES(53,1,36,1,1,'2020-08-20 22:45:00',true);
INSERT INTO PROYECCIONPELICULA VALUES(54,1,37,2,2,'2020-08-20 20:30:00',true);
INSERT INTO PROYECCIONPELICULA VALUES(55,1,37,5,2,'2020-08-21 14:30:00',true);

INSERT INTO PROYECCIONPELICULA VALUES(56,1,37,5,2,'2020-08-21 18:35:00',true);
INSERT INTO PROYECCIONPELICULA VALUES(57,1,37,5,2,'2020-08-21 22:30:00',true);
INSERT INTO PROYECCIONPELICULA VALUES(58,1,38,4,3,'2020-08-20 22:45:00',true);
INSERT INTO PROYECCIONPELICULA VALUES(59,1,38,4,3,'2020-08-22 14:30:00',true);
INSERT INTO PROYECCIONPELICULA VALUES(60,1,38,4,3,'2020-08-20 17:30:00',true);

INSERT INTO PROYECCIONPELICULA VALUES(61,2,36,1,1,'2020-08-23 10:30:00',true);
INSERT INTO PROYECCIONPELICULA VALUES(62,2,37,2,2,'2020-08-23 14:30:00',true);
INSERT INTO PROYECCIONPELICULA VALUES(63,2,36,3,1,'2020-08-23 20:00:00',true);
INSERT INTO PROYECCIONPELICULA VALUES(64,2,38,4,3,'2020-08-23 14:30:00',true);
INSERT INTO PROYECCIONPELICULA VALUES(65,2,40,5,5,'2020-08-23 14:30:00',true);

INSERT INTO PROYECCIONPELICULA VALUES(66,3,36,1,1,'2020-08-24 10:30:00',true);
INSERT INTO PROYECCIONPELICULA VALUES(67,3,37,2,2,'2020-08-24 14:30:00',true);
INSERT INTO PROYECCIONPELICULA VALUES(68,3,36,3,1,'2020-08-24 20:00:00',true);
INSERT INTO PROYECCIONPELICULA VALUES(69,3,38,4,3,'2020-08-24 14:30:00',true);
INSERT INTO PROYECCIONPELICULA VALUES(70,3,40,5,5,'2020-08-24 14:30:00',true);

INSERT INTO PROYECCIONPELICULA VALUES(71,4,40,5,5,'2020-08-25 16:30:00',true);
INSERT INTO PROYECCIONPELICULA VALUES(72,4,40,5,5,'2020-08-25 20:30:00',true);
INSERT INTO PROYECCIONPELICULA VALUES(73,4,40,5,5,'2020-08-25 23:00:00',true);
INSERT INTO PROYECCIONPELICULA VALUES(74,4,39,5,1,'2020-08-25 14:30:00',true);
INSERT INTO PROYECCIONPELICULA VALUES(75,4,39,5,1,'2020-08-25 20:30:00',true);

INSERT INTO PROYECCIONPELICULA VALUES(76,1,1,1,1,'2020-08-21 14:30:00',true);
INSERT INTO PROYECCIONPELICULA VALUES(77,1,1,1,1,'2020-08-21 21:50:00',true);
INSERT INTO PROYECCIONPELICULA VALUES(78,3,3,2,3,'2020-08-22 10:00:00',true);
INSERT INTO PROYECCIONPELICULA VALUES(79,3,3,4,3,'2020-08-22 14:15:00',true);
INSERT INTO PROYECCIONPELICULA VALUES(80,3,3,4,3,'2020-08-22 20:30:00',true);

INSERT INTO PROYECCIONPELICULA VALUES(81,4,4,1,4,'2020-08-21 14:30:00',true);
INSERT INTO PROYECCIONPELICULA VALUES(82,4,4,1,4,'2020-08-21 21:50:00',true);
INSERT INTO PROYECCIONPELICULA VALUES(83,4,4,2,4,'2020-08-20 10:00:00',true);
INSERT INTO PROYECCIONPELICULA VALUES(84,5,5,4,5,'2020-08-20 14:15:00',true);
INSERT INTO PROYECCIONPELICULA VALUES(85,5,5,4,5,'2020-08-20 20:30:00',true);

INSERT INTO PROYECCIONPELICULA VALUES(86,6,6,1,1,'2020-08-22 20:30:00',true);
INSERT INTO PROYECCIONPELICULA VALUES(87,7,7,2,2,'2020-08-22 20:30:00',true);
INSERT INTO PROYECCIONPELICULA VALUES(88,8,8,3,3,'2020-08-22 20:30:00',true);
INSERT INTO PROYECCIONPELICULA VALUES(89,9,9,4,4,'2020-08-22 20:30:00',true);
INSERT INTO PROYECCIONPELICULA VALUES(90,10,10,5,5,'2020-08-22 20:30:00',true);

INSERT INTO PROYECCIONPELICULA VALUES(91,1,12,1,2,'2020-08-26 08:30:00',true);
INSERT INTO PROYECCIONPELICULA VALUES(92,1,12,2,2,'2020-08-26 12:15:00',true);
INSERT INTO PROYECCIONPELICULA VALUES(93,1,12,3,2,'2020-08-26 16:45:00',true);
INSERT INTO PROYECCIONPELICULA VALUES(94,1,12,4,2,'2020-08-26 20:35:00',true);
INSERT INTO PROYECCIONPELICULA VALUES(95,2,13,5,3,'2020-08-26 12:30:00',true);

INSERT INTO PROYECCIONPELICULA VALUES(96,8,12,1,2,'2020-08-24 08:30:00',true);
INSERT INTO PROYECCIONPELICULA VALUES(97,8,12,2,2,'2020-08-24 12:15:00',true);
INSERT INTO PROYECCIONPELICULA VALUES(98,8,12,3,2,'2020-08-24 16:45:00',true);
INSERT INTO PROYECCIONPELICULA VALUES(99,8,12,4,2,'2020-08-24 20:35:00',true);
INSERT INTO PROYECCIONPELICULA VALUES(100,3,13,5,3,'2020-08-25 22:00:00',true);

INSERT INTO PROYECCIONPELICULA VALUES(101,5,12,1,2,'2020-08-22 08:30:00',true);
INSERT INTO PROYECCIONPELICULA VALUES(102,5,12,2,2,'2020-08-22 12:15:00',true);
INSERT INTO PROYECCIONPELICULA VALUES(103,5,12,3,2,'2020-08-22 16:45:00',true);
INSERT INTO PROYECCIONPELICULA VALUES(104,5,12,4,2,'2020-08-22 20:35:00',true);
INSERT INTO PROYECCIONPELICULA VALUES(105,10,13,5,3,'2020-08-23 12:30:00',true);

INSERT INTO PROYECCIONPELICULA VALUES(106,6,16,1,1,'2020-08-24 08:30:00',true);
INSERT INTO PROYECCIONPELICULA VALUES(107,6,17,2,2,'2020-08-24 12:15:00',true);
INSERT INTO PROYECCIONPELICULA VALUES(108,1,18,3,3,'2020-08-24 16:45:00',true);
INSERT INTO PROYECCIONPELICULA VALUES(109,1,19,4,4,'2020-08-24 20:35:00',true);
INSERT INTO PROYECCIONPELICULA VALUES(110,1,20,5,5,'2020-08-24 12:30:00',true);

INSERT INTO PROYECCIONPELICULA VALUES(111,2,25,1,5,'2020-08-24 08:30:00',true);
INSERT INTO PROYECCIONPELICULA VALUES(112,2,25,2,5,'2020-08-24 00:15:00',true);
INSERT INTO PROYECCIONPELICULA VALUES(113,2,21,3,1,'2020-08-24 12:45:00',true);
INSERT INTO PROYECCIONPELICULA VALUES(114,8,21,4,1,'2020-08-24 20:35:00',true);
INSERT INTO PROYECCIONPELICULA VALUES(115,8,23,5,3,'2020-08-24 12:30:00',true);

INSERT INTO PROYECCIONPELICULA VALUES(116,3,26,1,1,'2020-08-26 12:30:00',true);
INSERT INTO PROYECCIONPELICULA VALUES(117,3,27,2,2,'2020-08-26 12:15:00',true);
INSERT INTO PROYECCIONPELICULA VALUES(118,10,28,3,3,'2020-08-26 12:45:00',true);
INSERT INTO PROYECCIONPELICULA VALUES(119,10,29,4,4,'2020-08-26 12:35:00',true);
INSERT INTO PROYECCIONPELICULA VALUES(120,10,30,5,5,'2020-08-26 12:30:00',true);

INSERT INTO PROYECCIONPELICULA VALUES(121,1,31,1,1,'2020-08-24 08:30:00',true);
INSERT INTO PROYECCIONPELICULA VALUES(122,1,31,2,1,'2020-08-24 12:15:00',true);
INSERT INTO PROYECCIONPELICULA VALUES(123,2,31,3,1,'2020-08-25 16:45:00',true);
INSERT INTO PROYECCIONPELICULA VALUES(124,2,31,4,1,'2020-08-25 20:35:00',true);
INSERT INTO PROYECCIONPELICULA VALUES(125,2,31,5,1,'2020-08-25 00:30:00',true);

INSERT INTO PROYECCIONPELICULA VALUES(126,1,41,1,1,'2020-08-21 08:30:00',true);
INSERT INTO PROYECCIONPELICULA VALUES(127,2,42,2,2,'2020-08-21 12:15:00',true);
INSERT INTO PROYECCIONPELICULA VALUES(128,2,42,3,2,'2020-08-21 16:45:00',true);
INSERT INTO PROYECCIONPELICULA VALUES(129,5,43,4,3,'2020-08-21 20:35:00',true);
INSERT INTO PROYECCIONPELICULA VALUES(130,7,45,5,5,'2020-08-21 12:30:00',true);

INSERT INTO PROYECCIONPELICULA VALUES(131,1,46,1,1,'2020-08-26 08:30:00',true);
INSERT INTO PROYECCIONPELICULA VALUES(132,3,47,2,2,'2020-08-26 12:15:00',true);
INSERT INTO PROYECCIONPELICULA VALUES(133,5,48,3,3,'2020-08-26 16:45:00',true);
INSERT INTO PROYECCIONPELICULA VALUES(134,7,49,4,4,'2020-08-26 20:35:00',true);
INSERT INTO PROYECCIONPELICULA VALUES(135,9,50,5,5,'2020-08-26 12:30:00',true);

INSERT INTO PROYECCIONPELICULA VALUES(136,2,51,1,1,'2020-08-26 08:30:00',true);
INSERT INTO PROYECCIONPELICULA VALUES(137,4,52,2,2,'2020-08-26 12:15:00',true);
INSERT INTO PROYECCIONPELICULA VALUES(138,6,53,3,3,'2020-08-26 16:45:00',true);
INSERT INTO PROYECCIONPELICULA VALUES(139,8,54,4,4,'2020-08-26 20:35:00',true);
INSERT INTO PROYECCIONPELICULA VALUES(140,10,55,5,5,'2020-08-26 12:30:00',true);

INSERT INTO CLIENTE VALUES ('123456','Marco','Polo');
INSERT INTO CLIENTE VALUES ('234567','Nelson','Mandela');
INSERT INTO CLIENTE VALUES ('345678','Aquiles','Voy');
INSERT INTO CLIENTE VALUES ('456789','Houston','Problem');
INSERT INTO CLIENTE VALUES ('567890','Skynet','Tomson');
INSERT INTO CLIENTE VALUES ('678901','Luci','Fernandez');
INSERT INTO CLIENTE VALUES ('789012','John','Vázquez');

INSERT INTO TARJETA VALUES(12345111,'678901',true);
INSERT INTO TARJETA VALUES(12345222,'123456',true);
INSERT INTO TARJETA VALUES(12345333,'234567',true);
INSERT INTO TARJETA VALUES(12345444,'345678',true);
INSERT INTO TARJETA VALUES(12345555,'456789',true);
INSERT INTO TARJETA VALUES(12345666,'567890',true);
INSERT INTO TARJETA VALUES(12345777,'789012',true);

INSERT INTO CORREOCLIENTE VALUES('123456','claibc@miumg.edu.gt',true);
INSERT INTO CORREOCLIENTE VALUES('234567','baguirres@miumg.edu.gt',true);
INSERT INTO CORREOCLIENTE VALUES('345678','jlopezt11@miumg.edu.gt',true);
INSERT INTO CORREOCLIENTE VALUES('456789','yorozcov2@miumg.edu.gt',true);
INSERT INTO CORREOCLIENTE VALUES('567890','claibc@miumg.edu.gt',true);
INSERT INTO CORREOCLIENTE VALUES('678901','baguirres@miumg.edu.gt',true);
INSERT INTO CORREOCLIENTE VALUES('789012','jlopezt11@miumg.edu.gt',true);


INSERT INTO TIPOBOLETO VALUES (1,'Tercera Edad');
INSERT INTO TIPOBOLETO VALUES (2,'Adulto');
INSERT INTO TIPOBOLETO VALUES (3,'Niños');

INSERT INTO BOLETO VALUES (1,1,50,1);
INSERT INTO BOLETO VALUES (2,1,40,2);
INSERT INTO BOLETO VALUES (3,1,95,3);
INSERT INTO BOLETO VALUES (4,1,70,4);
INSERT INTO BOLETO VALUES (5,1,30,5);
INSERT INTO BOLETO VALUES (6,2,55,1);
INSERT INTO BOLETO VALUES (7,2,45,2);
INSERT INTO BOLETO VALUES (8,2,100,3);
INSERT INTO BOLETO VALUES (9,2,75,4);
INSERT INTO BOLETO VALUES (10,2,35,5);
INSERT INTO BOLETO VALUES (11,3,52.5,1);
INSERT INTO BOLETO VALUES (12,3,42.5,2);
INSERT INTO BOLETO VALUES (13,3,97.5,3);
INSERT INTO BOLETO VALUES (14,3,72.5,4);
INSERT INTO BOLETO VALUES (15,3,32.5,5);


INSERT INTO PROMOCION VALUES(1,'Descuento tercera edad IMAX',0.45,'2020-08-15 14:30:00','2020-08-30 14:30:00',1,1);
INSERT INTO PROMOCION VALUES(2,'Descuento tercera edad 4Dx',0.35,'2020-08-15 14:30:00','2020-08-30 14:30:00',3,1);
INSERT INTO PROMOCION VALUES(3,'Descuento tercera edad IMAX 3D',0.15,'2020-08-15 14:30:00','2020-08-30 14:30:00',4,1);
INSERT INTO PROMOCION VALUES(4,'Descuento adulto 3D',0.35,'2020-08-15 14:30:00','2020-08-30 14:30:00',7,1);
INSERT INTO PROMOCION VALUES(5,'Descuento adulto 4DX',0.75,'2020-08-15 14:30:00','2020-08-30 14:30:00',8,1);
INSERT INTO PROMOCION VALUES(6,'Descuento niño IMAX',0.60,'2020-08-15 14:30:00','2020-08-30 14:30:00',11,1);
INSERT INTO PROMOCION VALUES(7,'Descuento niño 3D',0.67,'2020-08-15 14:30:00','2020-08-30 14:30:00',12,1);
INSERT INTO PROMOCION VALUES(8,'Descuento niño 4DX',0.01,'2020-08-15 14:30:00','2020-08-30 14:30:00',13,1);
INSERT INTO PROMOCION VALUES(9,'Descuento niño IMAX 3D',0.45,'2020-08-15 14:30:00','2020-08-30 14:30:00',14,1);
INSERT INTO PROMOCION VALUES(10,'Descuento niño 2D',0.390,'2020-08-15 14:30:00','2020-08-30 14:30:00',15,1);

insert into FACTURAENCABEZADO (idFacturaEncabezado, serie, fecha, nitCliente, total, descuento, idProyeccionPelicula, puntos, estatus) values (1, 'BCLC-8569', '2020-08-25 06:39:54', 567890, 96.71, 4.52, 29, 10, 1);
insert into FACTURAENCABEZADO (idFacturaEncabezado, serie, fecha, nitCliente, total, descuento, idProyeccionPelicula, puntos, estatus) values (2, 'BCLC-6048', '2020-08-30 19:18:13', 123456, 62.0, 2.86, 5, 15, 1);
insert into FACTURAENCABEZADO (idFacturaEncabezado, serie, fecha, nitCliente, total, descuento, idProyeccionPelicula, puntos, estatus) values (3, 'BCLC-4280', '2020-08-23 13:49:22', 234567, 72.72, 14.74, 1, 25, 1);
insert into FACTURAENCABEZADO (idFacturaEncabezado, serie, fecha, nitCliente, total, descuento, idProyeccionPelicula, puntos, estatus) values (4, 'BCLC-3565', '2020-08-30 02:48:45', 456789, 99.15, 12.92, 41, 35.50, 1);
insert into FACTURAENCABEZADO (idFacturaEncabezado, serie, fecha, nitCliente, total, descuento, idProyeccionPelicula, puntos, estatus) values (5, 'BCLC-8811', '2020-08-16 00:45:49', 789012, 58.13, 8.18, 20, 12.50, 1);
insert into FACTURAENCABEZADO (idFacturaEncabezado, serie, fecha, nitCliente, total, descuento, idProyeccionPelicula, puntos, estatus) values (6, 'BCLC-8409', '2020-08-16 01:03:53', 789012, 58.4, 15.33, 42, 22.62, 1);
insert into FACTURAENCABEZADO (idFacturaEncabezado, serie, fecha, nitCliente, total, descuento, idProyeccionPelicula, puntos, estatus) values (7, 'BCLC-7790', '2020-08-19 18:03:20', 456789, 99.66, 14.87, 6, 125.50, 1);
insert into FACTURAENCABEZADO (idFacturaEncabezado, serie, fecha, nitCliente, total, descuento, idProyeccionPelicula, puntos, estatus) values (8, 'BCLC-2845', '2020-08-22 18:59:26', 678901, 75.55, 20.9, 17, 17.50, 1);
insert into FACTURAENCABEZADO (idFacturaEncabezado, serie, fecha, nitCliente, total, descuento, idProyeccionPelicula, puntos, estatus) values (9, 'BCLC-7073', '2020-08-22 09:22:32', 123456, 83.05, 4.69, 45, 62.30, 1);
insert into FACTURAENCABEZADO (idFacturaEncabezado, serie, fecha, nitCliente, total, descuento, idProyeccionPelicula, puntos, estatus) values (10, 'BCLC-6830', '2020-08-23 11:41:40', 567890, 95.2, 10.74, 6, 45.33,  1);
insert into FACTURAENCABEZADO (idFacturaEncabezado, serie, fecha, nitCliente, total, descuento, idProyeccionPelicula, puntos, estatus) values (11, 'BCLC-4925', '2020-08-26 11:29:14', 345678, 66.61, 1.55, 37, 65.35, 1);
insert into FACTURAENCABEZADO (idFacturaEncabezado, serie, fecha, nitCliente, total, descuento, idProyeccionPelicula, puntos, estatus) values (12, 'BCLC-1922', '2020-08-26 15:23:30', 234567, 74.05, 13.03, 38, 38.36, 1);
insert into FACTURAENCABEZADO (idFacturaEncabezado, serie, fecha, nitCliente, total, descuento, idProyeccionPelicula, puntos, estatus) values (13, 'BCLC-8197', '2020-08-23 12:00:07', 345678, 96.88, 12.17, 18, 6.60, 1);
insert into FACTURAENCABEZADO (idFacturaEncabezado, serie, fecha, nitCliente, total, descuento, idProyeccionPelicula, puntos, estatus) values (14, 'BCLC-7507', '2020-08-30 00:56:09', 345678, 65.05, 29.84, 37, 95.50, 1);
insert into FACTURAENCABEZADO (idFacturaEncabezado, serie, fecha, nitCliente, total, descuento, idProyeccionPelicula, puntos, estatus) values (15, 'BCLC-6063', '2020-08-18 00:26:21', 234567, 60.34, 23.04, 33, 75.50, 1);


insert into ASIENTOVENDIDO (fila, numero, idFacturaEncabezado) values (1, 2, 13);
insert into ASIENTOVENDIDO (fila, numero, idFacturaEncabezado) values (1, 4, 6);
insert into ASIENTOVENDIDO (fila, numero, idFacturaEncabezado) values (2, 1, 4);
insert into ASIENTOVENDIDO (fila, numero, idFacturaEncabezado) values (2, 2, 7);
insert into ASIENTOVENDIDO (fila, numero, idFacturaEncabezado) values (2, 4, 8);
insert into ASIENTOVENDIDO (fila, numero, idFacturaEncabezado) values (2, 5, 5);
insert into ASIENTOVENDIDO (fila, numero, idFacturaEncabezado) values (3, 2, 8);
insert into ASIENTOVENDIDO (fila, numero, idFacturaEncabezado) values (3, 5, 6);
insert into ASIENTOVENDIDO (fila, numero, idFacturaEncabezado) values (4, 1, 9);
insert into ASIENTOVENDIDO (fila, numero, idFacturaEncabezado) values (4, 2, 3);
insert into ASIENTOVENDIDO (fila, numero, idFacturaEncabezado) values (4, 5, 14);
insert into ASIENTOVENDIDO (fila, numero, idFacturaEncabezado) values (5, 2, 13);
insert into ASIENTOVENDIDO (fila, numero, idFacturaEncabezado) values (5, 3, 9);
insert into ASIENTOVENDIDO (fila, numero, idFacturaEncabezado) values (5, 4, 15);
insert into ASIENTOVENDIDO (fila, numero, idFacturaEncabezado) values (5, 5, 14);



insert into FACTURADETALLE (idFacturaEncabezado, idBoleto, cantidad) values (15, 4, 1);
insert into FACTURADETALLE (idFacturaEncabezado, idBoleto, cantidad) values (13, 5, 3);
insert into FACTURADETALLE (idFacturaEncabezado, idBoleto, cantidad) values (10, 4, 1);
insert into FACTURADETALLE (idFacturaEncabezado, idBoleto, cantidad) values (12, 2, 2);
insert into FACTURADETALLE (idFacturaEncabezado, idBoleto, cantidad) values (6, 8, 5);
insert into FACTURADETALLE (idFacturaEncabezado, idBoleto, cantidad) values (11, 10, 5);
insert into FACTURADETALLE (idFacturaEncabezado, idBoleto, cantidad) values (15, 2, 3);
insert into FACTURADETALLE (idFacturaEncabezado, idBoleto, cantidad) values (12, 1, 4);
insert into FACTURADETALLE (idFacturaEncabezado, idBoleto, cantidad) values (2, 5, 3);
insert into FACTURADETALLE (idFacturaEncabezado, idBoleto, cantidad) values (9, 12, 2);
insert into FACTURADETALLE (idFacturaEncabezado, idBoleto, cantidad) values (7, 14, 5);
insert into FACTURADETALLE (idFacturaEncabezado, idBoleto, cantidad) values (3, 7, 2);
insert into FACTURADETALLE (idFacturaEncabezado, idBoleto, cantidad) values (8, 9, 4);
insert into FACTURADETALLE (idFacturaEncabezado, idBoleto, cantidad) values (8, 14, 4);
insert into FACTURADETALLE (idFacturaEncabezado, idBoleto, cantidad) values (7, 3, 3);
insert into FACTURADETALLE (idFacturaEncabezado, idBoleto, cantidad) values (14, 9, 1);
insert into FACTURADETALLE (idFacturaEncabezado, idBoleto, cantidad) values (1, 9, 1);
insert into FACTURADETALLE (idFacturaEncabezado, idBoleto, cantidad) values (1, 3, 2);
insert into FACTURADETALLE (idFacturaEncabezado, idBoleto, cantidad) values (8, 1, 1);
insert into FACTURADETALLE (idFacturaEncabezado, idBoleto, cantidad) values (15, 7, 2);
insert into FACTURADETALLE (idFacturaEncabezado, idBoleto, cantidad) values (1, 15, 1);
insert into FACTURADETALLE (idFacturaEncabezado, idBoleto, cantidad) values (14, 4, 3);
insert into FACTURADETALLE (idFacturaEncabezado, idBoleto, cantidad) values (10, 13, 1);
insert into FACTURADETALLE (idFacturaEncabezado, idBoleto, cantidad) values (12, 11, 5);
insert into FACTURADETALLE (idFacturaEncabezado, idBoleto, cantidad) values (5, 15, 5);
insert into FACTURADETALLE (idFacturaEncabezado, idBoleto, cantidad) values (5, 13, 5);
insert into FACTURADETALLE (idFacturaEncabezado, idBoleto, cantidad) values (9, 1, 1);
insert into FACTURADETALLE (idFacturaEncabezado, idBoleto, cantidad) values (7, 9, 4);

insert into RESERVACIONENCABEZADO (idReservacionEncabezado, fecha, nitCliente, total, descuento, idProyeccionPelicula, estatus) values (1, '2020-08-16 06:14:43', 789012, 80.38, 22.02, 41, 1);
insert into RESERVACIONENCABEZADO (idReservacionEncabezado, fecha, nitCliente, total, descuento, idProyeccionPelicula, estatus) values (2, '2020-08-23 20:20:03', 456789, 55.65, 4.72, 19, 1);
insert into RESERVACIONENCABEZADO (idReservacionEncabezado, fecha, nitCliente, total, descuento, idProyeccionPelicula, estatus) values (3, '2020-08-21 15:57:12', 567890, 93.56, 28.96, 35, 1);
insert into RESERVACIONENCABEZADO (idReservacionEncabezado, fecha, nitCliente, total, descuento, idProyeccionPelicula, estatus) values (4, '2020-08-29 06:42:42', 345678, 74.66, 20.75, 16, 1);
insert into RESERVACIONENCABEZADO (idReservacionEncabezado, fecha, nitCliente, total, descuento, idProyeccionPelicula, estatus) values (5, '2020-08-21 23:49:04', 123456, 58.02, 7.78, 45, 1);
insert into RESERVACIONENCABEZADO (idReservacionEncabezado, fecha, nitCliente, total, descuento, idProyeccionPelicula, estatus) values (6, '2020-08-30 23:19:37', 123456, 99.3, 17.77, 21, 0);
insert into RESERVACIONENCABEZADO (idReservacionEncabezado, fecha, nitCliente, total, descuento, idProyeccionPelicula, estatus) values (7, '2020-08-28 15:10:45', 678901, 75.35, 4.06, 42, 1);
insert into RESERVACIONENCABEZADO (idReservacionEncabezado, fecha, nitCliente, total, descuento, idProyeccionPelicula, estatus) values (8, '2020-08-24 12:31:14', 678901, 63.8, 4.6, 1, 1);
insert into RESERVACIONENCABEZADO (idReservacionEncabezado, fecha, nitCliente, total, descuento, idProyeccionPelicula, estatus) values (9, '2020-08-17 21:16:43', 789012, 65.91, 9.36, 32, 1);
insert into RESERVACIONENCABEZADO (idReservacionEncabezado, fecha, nitCliente, total, descuento, idProyeccionPelicula, estatus) values (10, '2020-08-19 01:27:11', 789012, 55.93, 21.53, 14, 1);
insert into RESERVACIONENCABEZADO (idReservacionEncabezado, fecha, nitCliente, total, descuento, idProyeccionPelicula, estatus) values (11, '2020-08-25 01:55:41', 678901, 77.29, 15.17, 32, 1);
insert into RESERVACIONENCABEZADO (idReservacionEncabezado, fecha, nitCliente, total, descuento, idProyeccionPelicula, estatus) values (12, '2020-08-25 12:39:37', 678901, 89.12, 4.14, 8, 1);
insert into RESERVACIONENCABEZADO (idReservacionEncabezado, fecha, nitCliente, total, descuento, idProyeccionPelicula, estatus) values (13, '2020-08-19 07:32:43', 234567, 99.71, 8.43, 2, 1);
insert into RESERVACIONENCABEZADO (idReservacionEncabezado, fecha, nitCliente, total, descuento, idProyeccionPelicula, estatus) values (14, '2020-08-22 16:03:37', 678901, 68.55, 1.1, 14, 1);
insert into RESERVACIONENCABEZADO (idReservacionEncabezado, fecha, nitCliente, total, descuento, idProyeccionPelicula, estatus) values (15, '2020-08-22 06:57:25', 234567, 67.78, 19.97, 7, 1);

insert into ASIENTORESERVADO (fila, numero, idReservacionEncabezado) values (1, 1, 3);
insert into ASIENTORESERVADO (fila, numero, idReservacionEncabezado) values (1, 5, 7);
insert into ASIENTORESERVADO (fila, numero, idReservacionEncabezado) values (2, 3, 8);
insert into ASIENTORESERVADO (fila, numero, idReservacionEncabezado) values (3, 1, 15);
insert into ASIENTORESERVADO (fila, numero, idReservacionEncabezado) values (3, 3, 12);
insert into ASIENTORESERVADO (fila, numero, idReservacionEncabezado) values (3, 4, 3);
insert into ASIENTORESERVADO (fila, numero, idReservacionEncabezado) values (4, 3, 10);
insert into ASIENTORESERVADO (fila, numero, idReservacionEncabezado) values (4, 4, 4);
insert into ASIENTORESERVADO (fila, numero, idReservacionEncabezado) values (5, 1, 12);

insert into RESERVACIONDETALLE (idBoleto, idReservacionEncabezado, cantidad) values (15, 1, 2);
insert into RESERVACIONDETALLE (idBoleto, idReservacionEncabezado, cantidad) values (5, 4, 5);
insert into RESERVACIONDETALLE (idBoleto, idReservacionEncabezado, cantidad) values (6, 14, 3);
insert into RESERVACIONDETALLE (idBoleto, idReservacionEncabezado, cantidad) values (9, 3, 1);
insert into RESERVACIONDETALLE (idBoleto, idReservacionEncabezado, cantidad) values (1, 3, 5);
insert into RESERVACIONDETALLE (idBoleto, idReservacionEncabezado, cantidad) values (4, 3, 4);
insert into RESERVACIONDETALLE (idBoleto, idReservacionEncabezado, cantidad) values (13, 3, 2);
insert into RESERVACIONDETALLE (idBoleto, idReservacionEncabezado, cantidad) values (12, 7, 4);
insert into RESERVACIONDETALLE (idBoleto, idReservacionEncabezado, cantidad) values (11, 5, 5);
insert into RESERVACIONDETALLE (idBoleto, idReservacionEncabezado, cantidad) values (5, 9, 3);
insert into RESERVACIONDETALLE (idBoleto, idReservacionEncabezado, cantidad) values (10, 10, 1);
insert into RESERVACIONDETALLE (idBoleto, idReservacionEncabezado, cantidad) values (10, 7, 5);
insert into RESERVACIONDETALLE (idBoleto, idReservacionEncabezado, cantidad) values (15, 12, 1);
insert into RESERVACIONDETALLE (idBoleto, idReservacionEncabezado, cantidad) values (9, 13, 3);
insert into RESERVACIONDETALLE (idBoleto, idReservacionEncabezado, cantidad) values (9, 5, 5);
insert into RESERVACIONDETALLE (idBoleto, idReservacionEncabezado, cantidad) values (12, 11, 3);
insert into RESERVACIONDETALLE (idBoleto, idReservacionEncabezado, cantidad) values (8, 1, 4);
insert into RESERVACIONDETALLE (idBoleto, idReservacionEncabezado, cantidad) values (8, 12, 5);
insert into RESERVACIONDETALLE (idBoleto, idReservacionEncabezado, cantidad) values (12, 10, 3);
insert into RESERVACIONDETALLE (idBoleto, idReservacionEncabezado, cantidad) values (11, 3, 4);
insert into RESERVACIONDETALLE (idBoleto, idReservacionEncabezado, cantidad) values (11, 11, 2);
insert into RESERVACIONDETALLE (idBoleto, idReservacionEncabezado, cantidad) values (10, 5, 1);
insert into RESERVACIONDETALLE (idBoleto, idReservacionEncabezado, cantidad) values (1, 14, 4);
insert into RESERVACIONDETALLE (idBoleto, idReservacionEncabezado, cantidad) values (12, 15, 5);
insert into RESERVACIONDETALLE (idBoleto, idReservacionEncabezado, cantidad) values (1, 11, 2);
insert into RESERVACIONDETALLE (idBoleto, idReservacionEncabezado, cantidad) values (12, 1, 2);

INSERT INTO ROL VALUES (1,'SUPER USUARIO',1);
INSERT INTO ROL VALUES (2,'ADMINISTRADOR',1);
INSERT INTO ROL VALUES (3,'RECURSOS HUMANOS',1);


INSERT INTO PUESTO VALUES (1,6000,'INGENIERO EN SISTEMAS',1);
INSERT INTO PUESTO VALUES (2,4000,'ADMINISTRADOR DE EMPRESAS',1);
INSERT INTO PUESTO VALUES (3,4000,'PROYECTOR DE PELICULAS',1);
INSERT INTO PUESTO VALUES (4,2500,'CAJERO',1);
INSERT INTO PUESTO VALUES (5,2400,'LIMPIEZA',1); 

INSERT INTO EMPLEADO VALUES (1,'JOSE ESTANISLAO','LOPEZ TUBAC',1,'2020-08-15','2020-08-15',1);
INSERT INTO EMPLEADO VALUES (2,'CARLOS ANTONIO','LAIB CONTRERAS',1,'2020-08-15','2020-08-15',1);
INSERT INTO EMPLEADO VALUES (3,'SERGIO YAVHE','OROZCO',1,'2020-08-15','2020-08-15',1);
INSERT INTO EMPLEADO VALUES (4,'BRYAN ORLANDO','AGRUIRRE SAGASTUME',1,'2020-08-15','2020-08-15',1);
INSERT INTO EMPLEADO VALUES (5,'BRYAN','SANTIZO',5,'2020-08-15','2020-08-15',1);


insert into CORREO (idCorreo, correo, idEmpleado, estatus) values (1, 'claibc@miumg.edu.gt', 1, 1);
insert into CORREO (idCorreo, correo, idEmpleado, estatus) values (2, 'baguirres@miumg.edu.gt', 2, 1);
insert into CORREO (idCorreo, correo, idEmpleado, estatus) values (3, 'jlopezt11@miumg.edu.gt', 3, 1);
insert into CORREO (idCorreo, correo, idEmpleado, estatus) values (4, 'yorozcov2@miumg.edu.gt', 4, 1);
insert into CORREO (idCorreo, correo, idEmpleado, estatus) values (5, 'claibc@miumg.edu.gt', 5, 1);

insert into TELEFONO (idTelefono, telefono, idEmpleado, estatus) values (1, '5824-4020', 4, 1);
insert into TELEFONO (idTelefono, telefono, idEmpleado, estatus) values (2, '5527-0634', 1, 1);
insert into TELEFONO (idTelefono, telefono, idEmpleado, estatus) values (3, '5382-5832', 1, 1);
insert into TELEFONO (idTelefono, telefono, idEmpleado, estatus) values (4, '3706-5685', 4, 1);
insert into TELEFONO (idTelefono, telefono, idEmpleado, estatus) values (5, '8473-4626', 2, 1);
insert into TELEFONO (idTelefono, telefono, idEmpleado, estatus) values (6, '8814-7464', 1, 1);
insert into TELEFONO (idTelefono, telefono, idEmpleado, estatus) values (7, '7489-7673', 1, 0);
insert into TELEFONO (idTelefono, telefono, idEmpleado, estatus) values (8, '9273-5167', 2, 0);
insert into TELEFONO (idTelefono, telefono, idEmpleado, estatus) values (9, '9760-9085', 1, 1);
insert into TELEFONO (idTelefono, telefono, idEmpleado, estatus) values (10, '7438-9765', 2, 0);

INSERT INTO USUARIO VALUES (1,1,1,'polo','marco',true);
INSERT INTO USUARIO VALUES (2,2,2,'paredes','armando',true);
INSERT INTO USUARIO VALUES (3,3,3,'ABC','ABC',true);
